group,groupName,Age,intErr,extErr,sample,reference
A11,G1-G5,22.71677,0.47608,1.78661,G13,"Zech et al., 2013"
A11,G1-G5,22.34072,0.52052,1.76048,G15,"Zech et al., 2013"
A11,G1-G5,22.90151,0.19746,1.75361,G43,"Zech et al., 2013"
A11,G1-G5,26.06688,0.18923,1.965,G44,"Zech et al., 2013"
A11,G1-G5,23.44004,0.18035,1.78856,G51,"Zech et al., 2013"
A11,G1-G5,23.99624,0.23502,1.82193,G53,"Zech et al., 2013"
A12,G6-G8,62.6875,1.27332,5.20494,G61,"Zech et al., 2013"
A12,G6-G8,79.06936,0.66323,7.14945,G62,"Zech et al., 2013"
A12,G6-G8,67.14414,1.68196,5.85296,G65,"Zech et al., 2013"
A12,G6-G8,73.90782,0.52513,6.43514,G72,"Zech et al., 2013"
A12,G6-G8,69.06865,0.55224,5.94483,G81,"Zech et al., 2013"
A12,G6-G8,51.56088,1.17153,4.69627,G83,"Zech et al., 2013"
A12,G6-G8,67.58714,0.45683,5.69946,G85,"Zech et al., 2013"
A21,AK1-AK4,21.76361,0.16129,1.62153,AK11,"Abramowski et al., 2006"
A21,AK1-AK4,29.66276,0.15769,2.26416,AK12,"Abramowski et al., 2006"
A21,AK1-AK4,22.89743,0.19166,1.76248,AK13,"Abramowski et al., 2006"
A21,AK1-AK4,25.17437,0.16162,1.87075,AK21,"Abramowski et al., 2006"
A21,AK1-AK4,14.16068,0.10136,1.08679,AK22,"Abramowski et al., 2006"
A21,AK1-AK4,17.33235,0.14324,1.32252,AK23,"Abramowski et al., 2006"
A21,AK1-AK4,21.21832,0.12813,1.53057,AK24,"Abramowski et al., 2006"
A21,AK1-AK4,21.3318,0.12016,1.54506,AK25,"Abramowski et al., 2006"
A21,AK1-AK4,12.64823,0.07783,0.99302,AK31,"Abramowski et al., 2006"
A21,AK1-AK4,31.94803,0.16435,2.43358,AK32,"Abramowski et al., 2006"
A21,AK1-AK4,26.37853,0.13399,1.99797,AK33,"Abramowski et al., 2006"
A21,AK1-AK4,21.76724,0.15495,1.61325,AK34,"Abramowski et al., 2006"
A21,AK1-AK4,16.77331,0.11197,1.29095,AK35,"Abramowski et al., 2006"
A21,AK1-AK4,29.36764,0.14496,2.22792,AK41,"Abramowski et al., 2006"
A21,AK1-AK4,24.66884,0.10812,1.83609,AK42,"Abramowski et al., 2006"
A21,AK1-AK4,23.84908,0.13868,1.80895,AK43,"Abramowski et al., 2006"
A21,AK1-AK4,25.10329,0.13217,1.86087,AK44,"Abramowski et al., 2006"
A21,AK1-AK4,19.15267,0.08565,1.38346,AK45,"Abramowski et al., 2006"
A22,KK,71.55972,0.36789,6.15489,KK1,"Abramowski et al., 2006"
A22,KK,78.84484,0.42211,7.04055,KK2,"Abramowski et al., 2006"
A22,KK,66.42629,0.31018,5.49355,KK3,"Abramowski et al., 2006"
A31,Kitsch Kurumdu-6,62.57701,1.92885,5.40512,KI31,Zech 2012
A31,Kitsch Kurumdu-6,66.28098,2.74215,6.10732,KI32,Zech 2012
A31,Kitsch Kurumdu-6,18.96511,0.68779,1.54255,KI33,Zech 2012
A41,Terskey Ala Tau-3,37.68896,0.60902,2.89809,KTS98-CS-66,"Koppes et al., 2008"
A41,Terskey Ala Tau-3,33.24538,0.77781,2.65055,KTS98-CS-81,"Koppes et al., 2008"
A41,Terskey Ala Tau-3,66.38421,0.83777,5.55462,KTS98-CS-87,"Koppes et al., 2008"
A41,Terskey Ala Tau-3,72.15561,1.31246,6.31708,KTS98-CS-88,"Koppes et al., 2008"
A41,Terskey Ala Tau-3,49.99927,1.9599,4.72326,KTS98-CS-104,"Koppes et al., 2008"
A42,Terskey Ala Tau-2,137.73914,7.37682,14.90914,KTS98-CS-90,"Koppes et al., 2008"
A42,Terskey Ala Tau-2,168.84567,4.9165,17.03173,KTS98-CS-91,"Koppes et al., 2008"
A42,Terskey Ala Tau-2,72.49131,1.9119,6.50272,KTS98-CS-92,"Koppes et al., 2008"
A42,Terskey Ala Tau-2,54.17106,1.47339,4.89461,KTS98-CS-83,"Koppes et al., 2008"
A42,Terskey Ala Tau-2,41.61329,0.97757,3.29718,SCT-020901-2,"Koppes et al., 2008"
A42,Terskey Ala Tau-2,33.89685,0.81818,2.69699,SCT-020901-3,"Koppes et al., 2008"
A42,Terskey Ala Tau-2,95.98469,2.34276,8.28966,KTS98-CS-97,"Koppes et al., 2008"
A42,Terskey Ala Tau-2,51.55775,1.34899,4.6727,KTS98-CS-98,"Koppes et al., 2008"
A43,Terskey Ala Tau-1,31.60509,0.77498,2.54243,SCT-020901-4,"Koppes et al., 2008"
A43,Terskey Ala Tau-1,42.96299,1.25171,3.52322,SCT-020901-5,"Koppes et al., 2008"
A43,Terskey Ala Tau-1,101.0529,2.56787,8.85961,SCT-030901-6,"Koppes et al., 2008"
A43,Terskey Ala Tau-1,101.11477,2.91409,8.99335,KTS98-CS-93,"Koppes et al., 2008"
A43,Terskey Ala Tau-1,112.25583,3.45625,10.20582,KTS98-CS-94,"Koppes et al., 2008"
A43,Terskey Ala Tau-1,143.68507,3.4448,14.2399,KTS98-CS-95,"Koppes et al., 2008"
A43,Terskey Ala Tau-1,74.61719,1.95732,6.73684,KTS98-CS-96,"Koppes et al., 2008"
B11,AT,49.36484,0.28943,4.31058,AT11,"Abramowski et al., 2006"
B11,AT,22.28487,0.18851,1.6776,AT13,"Abramowski et al., 2006"
B11,AT,25.12575,0.08726,1.83346,AT21,"Abramowski et al., 2006"
B11,AT,19.51295,0.06529,1.37115,AT22,"Abramowski et al., 2006"
B12,TK,89.48489,0.36385,7.76121,TK11,"Abramowski et al., 2006"
B12,TK,74.43238,0.37421,6.5229,TK12,"Abramowski et al., 2006"
B12,TK,85.90363,0.36847,7.7095,TK13,"Abramowski et al., 2006"
B12,TK,93.75441,0.36512,7.7216,TK14,"Abramowski et al., 2006"
B12,TK,88.52432,0.36498,7.79939,TK15,"Abramowski et al., 2006"
B21,Gu-Sha,35.6091,0.42834,2.64372,13TMS011,"Stuebner et al., 2017"
B21,Gu-Sha,14.74087,0.23747,1.12286,13TMS012,"Stuebner et al., 2017"
B21,Gu-Sha,37.64076,0.61895,2.85445,13TMS013,"Stuebner et al., 2017"
B21,Gu-Sha,15.68334,0.2509,1.21946,13TMS001,"Stuebner et al., 2017"
B21,Gu-Sha,25.18387,0.62313,1.93642,13TMS002,"Stuebner et al., 2017"
B21,Gu-Sha,32.07738,0.39629,2.43901,13TMS004,"Stuebner et al., 2017"
B21,Gu-Sha,79.30965,1.16165,7.33095,13TMS006,"Stuebner et al., 2017"
B21,Gu-Sha,50.41965,0.75196,4.52654,13TMS018,"Stuebner et al., 2017"
B21,Gu-Sha,51.59298,0.75276,4.62762,13TMS019,"Stuebner et al., 2017"
B21,Gu-Sha,14.20502,0.22483,1.10335,13TMS016,"Stuebner et al., 2017"
B21,Gu-Sha,32.77212,0.51506,2.51908,13TMS017,"Stuebner et al., 2017"
B21,Gu-Sha,13.82431,0.29316,1.10118,13TMS020,"Stuebner et al., 2017"
B31,M4,29.613623,1.136183,2.49687,M4/1,"Zech et al., 2005"
B31,M4,29.619232,1.702672,2.800246,M4/2,"Zech et al., 2005"
B31,M4,29.992615,1.102983,2.509288,M4/3,"Zech et al., 2005"
B32,M2-M3,64.252434,1.960167,5.476862,M3/1,"Zech et al., 2005"
B32,M2-M3,57.803165,1.878756,5.248921,M3/2,"Zech et al., 2005"
B32,M2-M3,41.667713,1.425662,3.312826,M3/3,"Zech et al., 2005"
B32,M2-M3,71.491615,3.326001,7.02554,M2/1,"Zech et al., 2005"
B32,M2-M3,24.17304,0.942743,2.029199,M2/2,"Zech et al., 2005"
B32,M2-M3,39.132812,1.249017,3.13032,M2/3,"Zech et al., 2005"
B32,M2-M3,50.075764,2.121313,4.928509,M2/4,"Zech et al., 2005"
B32,M2-M3,73.185295,2.208973,6.727005,M2/5,"Zech et al., 2005"
B32,M2-M3,17.311161,1.015913,1.658878,M2/6,"Zech et al., 2005"
B32,M2-M3,18.99844,0.772202,1.567121,M2/7,"Zech et al., 2005"
B33,M1,83.00213,3.38616,8.15539,M1/1,"Zech et al., 2005"
B33,M1,92.51981,3.40771,8.43697,M1/2,"Zech et al., 2005"
B33,M1,90.51714,4.07971,8.70402,M1/3,"Zech et al., 2005"
B33,M1,85.24748,4.89856,9.02104,M1/4,"Zech et al., 2005"
B33,M1,96.3958,3.87376,8.71706,M1/5,"Zech et al., 2005"
B33,M1,92.34917,3.70163,8.55292,M1/6,"Zech et al., 2005"
B33,M1,91.90922,3.40669,8.42182,M1/7,"Zech et al., 2005"
B33,M1,88.4379,5.66366,9.64111,OB21,"Roehringer et al., 2012"
B33,M1,90.84483,3.82864,8.577,OB22,"Roehringer et al., 2012"
B41,BO2-BO5,22.69424,1.3371,2.17284,BT52,"Roehringer et al., 2012"
B41,BO2-BO5,25.14166,1.33344,2.25853,BT62,"Roehringer et al., 2012"
B41,BO2-BO5,20.90072,0.9472,1.73078,BT63,"Roehringer et al., 2012"
B41,BO2-BO5,24.01895,1.04932,2.07249,BT91,"Roehringer et al., 2012"
B41,BO2-BO5,25.1607,1.23647,2.207,BT92,"Roehringer et al., 2012"
B41,BO2-BO5,22.99514,1.11369,2.06742,BT93,"Roehringer et al., 2012"
B41,BO2-BO5,24.22708,0.0877,1.79124,BO21,"Abramowski et al., 2006"
B41,BO2-BO5,23.90979,0.08497,1.78862,BO24,"Abramowski et al., 2006"
B41,BO2-BO5,25.05925,0.09393,1.82174,BO28,"Abramowski et al., 2006"
B41,BO2-BO5,23.9065,0.09447,1.78992,BO29,"Abramowski et al., 2006"
B42,BO1,38.3008,0.13443,2.81453,BO11,"Abramowski et al., 2006"
B42,BO1,37.68835,0.15747,2.77209,BO12,"Abramowski et al., 2006"
B42,BO1,62.56875,0.23869,5.00868,BO13,"Abramowski et al., 2006"
B42,BO1,77.74389,0.33395,6.9257,BO14,"Abramowski et al., 2006"
B42,BO1,58.0579,0.23558,4.93663,BO17,"Abramowski et al., 2006"
B42,BO1,60.49329,3.47965,6.0455,BT101,"Roehringer et al., 2012"
B42,BO1,59.71975,2.68989,5.66357,BT103,"Roehringer et al., 2012"
B42,BO1,75.49019,5.06213,8.36973,BT104,"Roehringer et al., 2012"
B42,BO1,69.06522,2.76684,6.55843,BT105,"Roehringer et al., 2012"
B51,UK4-UK6,18.82569,0.06684,1.36014,UK61,"Abramowski et al., 2006"
B51,UK4-UK6,19.34403,0.06725,1.35133,UK51,"Abramowski et al., 2006"
B51,UK4-UK6,21.12019,0.07363,1.47456,UK52,"Abramowski et al., 2006"
B51,UK4-UK6,45.91958,0.1921,3.77779,UK53,"Abramowski et al., 2006"
B51,UK4-UK6,19.90899,0.0669,1.36432,UK54,"Abramowski et al., 2006"
B51,UK4-UK6,21.58399,0.12252,1.55079,UK41,"Abramowski et al., 2006"
B51,UK4-UK6,22.47591,0.11268,1.6902,UK42,"Abramowski et al., 2006"
B51,UK4-UK6,26.89198,0.0972,1.98887,UK43,"Abramowski et al., 2006"
B51,UK4-UK6,16.7428,0.09987,1.28018,UK44,"Abramowski et al., 2006"
B51,UK4-UK6,33.07747,0.14413,2.47139,UK45,"Abramowski et al., 2006"
B52,UK1-UK3,72.13437,0.30195,6.26076,UK31,"Abramowski et al., 2006"
B52,UK1-UK3,91.26586,0.37545,7.68436,UK32,"Abramowski et al., 2006"
B52,UK1-UK3,78.33144,0.41956,7.04164,UK33,"Abramowski et al., 2006"
B52,UK1-UK3,56.34775,0.23476,4.82973,UK34,"Abramowski et al., 2006"
B52,UK1-UK3,108.08604,0.42637,8.91033,UK35,"Abramowski et al., 2006"
B52,UK1-UK3,85.54064,0.38216,7.65822,UK21,"Abramowski et al., 2006"
B52,UK1-UK3,41.68075,0.21294,2.99982,UK24,"Abramowski et al., 2006"
B52,UK1-UK3,26.09964,0.10007,1.94783,UK25,"Abramowski et al., 2006"
B52,UK1-UK3,38.53314,0.15342,2.8292,UK26,"Abramowski et al., 2006"
B52,UK1-UK3,79.73126,0.35417,7.33369,UK28,"Abramowski et al., 2006"
B52,UK1-UK3,135.8815,0.63539,12.72489,UK11,"Abramowski et al., 2006"
B52,UK1-UK3,95.15445,0.36887,7.72798,UK12,"Abramowski et al., 2006"
B61,GU1,54.78804,0.24983,4.77602,GU11,"Abramowski et al., 2006"
B61,GU1,39.05748,0.10566,2.85131,GU12,"Abramowski et al., 2006"
B61,GU1,21.22021,0.06788,1.48758,GU13,"Abramowski et al., 2006"
B61,GU1,32.08507,0.10509,2.40366,GU15,"Abramowski et al., 2006"
B61,GU1,25.76838,0.11052,1.90065,GU16,"Abramowski et al., 2006"
B61,GU1,83.22734,0.27968,7.45154,GU19,"Abramowski et al., 2006"
B62,GU2,33.74073,0.16665,2.49483,GU21,"Abramowski et al., 2006"
B62,GU2,28.8024,0.19488,2.15266,GU22,"Abramowski et al., 2006"
B62,GU2,60.47269,0.30889,4.95308,GU24,"Abramowski et al., 2006"
B62,GU2,65.33151,0.32669,5.23744,GU25,"Abramowski et al., 2006"
B62,GU2,27.32932,0.11183,2.0003,GU26,"Abramowski et al., 2006"
B63,GU3,20.90218,0.07696,1.44841,GU31,"Abramowski et al., 2006"
B63,GU3,50.35619,0.20111,4.4985,GU32,"Abramowski et al., 2006"
B63,GU3,28.79159,0.10279,2.14443,GU34,"Abramowski et al., 2006"
B63,GU3,35.63833,0.20037,2.58601,GU36,"Abramowski et al., 2006"
B63,GU3,25.74635,0.22872,1.90603,GU38,"Abramowski et al., 2006"
B64,GU4,28.48838,0.21362,2.12038,GU42,"Abramowski et al., 2006"
B64,GU4,23.40319,0.09972,1.77056,GU44,"Abramowski et al., 2006"
B64,GU4,33.94154,0.23336,2.50513,GU47,"Abramowski et al., 2006"
C11,Subakh,145.04036,4.78415,15.27548,MUST-15,"Seong et al., 2009a"
C11,Subakh,121.36747,2.93665,10.37676,MUST-16,"Seong et al., 2009a"
C11,Subakh,76.55567,1.99348,7.05858,MUST-17,"Seong et al., 2009a"
C11,Subakh,47.43164,1.229,4.33237,MUST-18,"Seong et al., 2009a"
C11,Subakh,159.20487,4.52711,16.32067,MUST-19,"Seong et al., 2009a"
C11,Subakh,100.58969,3.33483,8.95955,MUST-20,"Seong et al., 2009a"
C11,Subakh,43.19564,1.10133,3.41592,MUST-80,"Seong et al., 2009a"
C11,Subakh,29.26738,0.65557,2.28562,MUST-81,"Seong et al., 2009a"
C11,Subakh,88.79472,1.17235,7.87654,MUST-82,"Seong et al., 2009a"
C11,Subakh,24.5423,0.68038,1.92481,MUST-83,"Seong et al., 2009a"
C11,Subakh,66.47333,1.23283,5.61615,MUST-84,"Seong et al., 2009a"
C11,Subakh,128.32092,2.15253,11.62389,MUST-90,"Seong et al., 2009a"
C11,Subakh,27.70267,0.63736,2.13758,MUST-91,"Seong et al., 2009a"
C11,Subakh,72.03996,2.70658,6.79478,MUST-92,"Seong et al., 2009a"
C11,Subakh,19.87096,0.67613,1.5241,MUST-62,"Seong et al., 2009a"
C11,Subakh,27.66609,0.69387,2.14715,MUST-63,"Seong et al., 2009a"
C11,Subakh,25.83715,0.58503,1.99712,MUST-64,"Seong et al., 2009a"
C11,Subakh,84.41892,1.79251,7.63541,MUST-65,"Seong et al., 2009a"
C11,Subakh,53.24521,1.02352,4.84022,MUST-66,"Seong et al., 2009a"
C11,Subakh,26.43548,0.59834,2.05709,MUST-86,"Seong et al., 2009a"
C11,Subakh,32.09028,0.82307,2.55523,KONG_29,"Seong et al., 2009a"
C11,Subakh,62.82884,1.50094,5.25208,KONG_30,"Seong et al., 2009a"
C11,Subakh,17.06855,0.41049,1.35537,KONG_1,"Seong et al., 2009a"
C11,Subakh,28.44135,0.63023,2.20691,KONG_2,"Seong et al., 2009a"
C11,Subakh,19.86411,0.43703,1.44313,KONG_3,"Seong et al., 2009a"
C11,Subakh,32.08992,0.74344,2.53159,KONG_4,"Seong et al., 2009a"
C12,Karasu,634.72815,51.21636,122.11473,MUST-48,"Seong et al., 2009a"
C12,Karasu,267.60803,3.79797,27.19217,MUST-49,"Seong et al., 2009a"
C12,Karasu,361.83252,8.70773,49.18389,MUST-50,"Seong et al., 2009a"
C12,Karasu,182.25084,2.95595,16.16678,MUST-88,"Seong et al., 2009a"
C12,Karasu,188.54536,5.4443,16.65015,MUST-89,"Seong et al., 2009a"
C21,Kuzigun,26.61248,0.57717,2.0623,XJ-69,"Owen et al., 2012"
C21,Kuzigun,18.92867,0.5371,1.46354,XJ-70,"Owen et al., 2012"
C21,Kuzigun,17.40265,0.79821,1.54167,XJ-71,"Owen et al., 2012"
C21,Kuzigun,21.72261,0.51714,1.65753,XJ-72,"Owen et al., 2012"
C21,Kuzigun,6.90082,2.05872,2.11676,XJ-79,"Owen et al., 2012"
C21,Kuzigun,3.67469,2.01167,2.02973,XJ-80,"Owen et al., 2012"
C21,Kuzigun,25.45685,0.51231,1.92612,XJ-81,"Owen et al., 2012"
C21,Kuzigun,15.42295,1.43957,1.84355,XJ-82,"Owen et al., 2012"
C21,Kuzigun,21.14981,0.69183,1.63084,Pamir-16,"Owen et al., 2012"
C21,Kuzigun,26.1946,0.94832,2.17148,Pamir-17,"Owen et al., 2012"
C21,Kuzigun,20.89408,0.48633,1.5242,Pamir-18,"Owen et al., 2012"
C22,Hangdi,21.29802,0.66401,1.63851,XJ-32,"Owen et al., 2012"
C22,Hangdi,36.10778,1.44209,2.99797,XJ-33,"Owen et al., 2012"
C22,Hangdi,14.84233,0.46311,1.19072,XJ-34,"Owen et al., 2012"
C22,Hangdi,15.81169,0.36082,1.26032,XJ-35,"Owen et al., 2012"
C22,Hangdi,39.44829,0.94885,3.00792,XJ-36,"Owen et al., 2012"
C22,Hangdi,33.19495,0.62878,2.54739,XJ-37,"Owen et al., 2012"
C22,Hangdi,29.31247,1.09163,2.44986,XJ-52,"Owen et al., 2012"
C22,Hangdi,27.21793,0.75977,2.13409,XJ-53,"Owen et al., 2012"
C22,Hangdi,26.65332,0.95889,2.19217,XJ-54,"Owen et al., 2012"
C22,Hangdi,34.22929,1.3604,2.84651,XJ-55,"Owen et al., 2012"
C22,Hangdi,27.91439,0.80125,2.2009,XJ-56,"Owen et al., 2012"
C22,Hangdi,17.23145,2.42164,2.74865,XJ-74,"Owen et al., 2012"
C22,Hangdi,14.70133,0.2315,1.12556,XJ-75,"Owen et al., 2012"
C22,Hangdi,28.49534,1.08148,2.37445,XJ-76,"Owen et al., 2012"
C22,Hangdi,29.26559,0.67482,2.28702,XJ-77,"Owen et al., 2012"
C22,Hangdi,32.43255,0.62794,2.5101,XJ-78,"Owen et al., 2012"
C22,Hangdi,25.6358,0.55298,1.96105,Pamir-9,"Owen et al., 2012"
C22,Hangdi,28.44121,4.03251,4.54886,Pamir-10,"Owen et al., 2012"
C22,Hangdi,25.17934,0.65786,1.94863,Pamir-13,"Owen et al., 2012"
C22,Hangdi,28.19149,0.97966,2.30276,Pamir-14,"Owen et al., 2012"
C23,Tashkurgan,63.28279,2.11302,5.48153,XJ-21,"Owen et al., 2012"
C23,Tashkurgan,74.35751,3.02851,7.19061,XJ-22,"Owen et al., 2012"
C23,Tashkurgan,69.79506,1.51684,6.23031,XJ-23,"Owen et al., 2012"
C23,Tashkurgan,84.07579,2.94213,7.99408,XJ-26,"Owen et al., 2012"
C23,Tashkurgan,102.38866,2.96023,8.87321,XJ-27,"Owen et al., 2012"
C23,Tashkurgan,65.25526,2.11187,5.62701,XJ-28,"Owen et al., 2012"
C23,Tashkurgan,84.71362,2.07411,7.75391,XJ-30,"Owen et al., 2012"
C23,Tashkurgan,55.97446,3.05413,5.69167,XJ-38,"Owen et al., 2012"
C23,Tashkurgan,73.34454,1.62696,6.59309,XJ-39,"Owen et al., 2012"
C23,Tashkurgan,69.903,2.28221,6.47736,XJ-40,"Owen et al., 2012"
C23,Tashkurgan,51.87209,1.82493,4.97446,XJ-41,"Owen et al., 2012"
C23,Tashkurgan,67.14552,3.09063,6.40484,XJ-42,"Owen et al., 2012"
C23,Tashkurgan,90.84345,2.03398,7.9399,XJ-61,"Owen et al., 2012"
C23,Tashkurgan,76.95007,3.10632,7.47607,XJ-62,"Owen et al., 2012"
C23,Tashkurgan,105.95684,2.33719,8.77256,XJ-63,"Owen et al., 2012"
C23,Tashkurgan,83.79974,2.37778,7.79252,XJ-64,"Owen et al., 2012"
C23,Tashkurgan,87.06713,1.87062,8.03378,XJ-65,"Owen et al., 2012"
C23,Tashkurgan,28.65333,6.83587,7.15947,XJ-66,"Owen et al., 2012"
C23,Tashkurgan,87.14069,2.78594,8.29812,XJ-67,"Owen et al., 2012"
C23,Tashkurgan,78.76332,1.49856,7.26043,Pamir-11,"Owen et al., 2012"
C23,Tashkurgan,90.37325,1.18054,7.78123,Pamir-12,"Owen et al., 2012"
C23,Tashkurgan,91.73456,2.82204,8.18786,Pamir-19,"Owen et al., 2012"
C23,Tashkurgan,80.06389,2.87694,7.89189,Pamir-20,"Owen et al., 2012"
C23,Tashkurgan,78.46566,2.66397,7.52891,Pamir-21,"Owen et al., 2012"
C23,Tashkurgan,77.4491,3.00011,7.48772,Pamir-22,"Owen et al., 2012"
C24,Dabudaer,26.1592,2.18918,2.92484,XJ-44,"Owen et al., 2012"
C24,Dabudaer,49.29353,1.95478,4.74355,XJ-45,"Owen et al., 2012"
C24,Dabudaer,47.60742,1.74001,4.53753,XJ-46,"Owen et al., 2012"
C24,Dabudaer,91.22063,4.73877,9.01888,XJ-47,"Owen et al., 2012"
C24,Dabudaer,166.8472,7.9176,18.08727,XJ-48,"Owen et al., 2012"
C24,Dabudaer,102.80978,2.94698,8.87654,XJ-49,"Owen et al., 2012"
C24,Dabudaer,208.91597,9.65898,22.27203,XJ-50,"Owen et al., 2012"
C24,Dabudaer,176.00584,8.78219,18.93315,XJ-51,"Owen et al., 2012"
C24,Dabudaer,304.29953,6.09341,33.40805,XJ-57,"Owen et al., 2012"
C24,Dabudaer,323.65082,8.51922,37.40359,XJ-58,"Owen et al., 2012"
C24,Dabudaer,277.44321,11.10123,30.83538,XJ-73,"Owen et al., 2012"
C24,Dabudaer,67.93517,2.63135,6.32777,XJ-84,"Owen et al., 2012"
C24,Dabudaer,94.39784,1.91095,7.91763,XJ-85,"Owen et al., 2012"
C24,Dabudaer,204.12749,3.97798,20.9785,XJ-86,"Owen et al., 2012"
C24,Dabudaer,81.18606,1.87731,7.68907,XJ-87,"Owen et al., 2012"
C24,Dabudaer,66.93411,1.07358,5.67358,XJ-88,"Owen et al., 2012"
C24,Dabudaer,146.53201,2.55459,14.87283,XJ-89,"Owen et al., 2012"
C31,M1-M2,94.91023,9.08347,11.92591,Pamir48,"Hedrick et al., 2017"
C31,M1-M2,38.26805,10.15921,10.54062,Pamir51 ,"Hedrick et al., 2017"
C31,M1-M2,91.08733,4.23201,8.76684,XJ98,"Hedrick et al., 2017"
C31,M1-M2,71.24401,1.34924,6.32333,XJ99 ,"Hedrick et al., 2017"
C31,M1-M2,46.34438,1.30337,4.13283,XJ100 ,"Hedrick et al., 2017"
C32,M3,70.07887,2.56644,6.58481,XJ90,"Hedrick et al., 2017"
C32,M3,19.31761,0.68297,1.51882,XJ91,"Hedrick et al., 2017"
C32,M3,15.37223,0.39846,1.2153,XJ92,"Hedrick et al., 2017"
C32,M3,42.61221,0.67962,3.22268,XJ93,"Hedrick et al., 2017"
C32,M3,60.44364,5.05893,7.0714,XJ94,"Hedrick et al., 2017"
C32,M3,63.15371,1.68215,5.31777,XJ95,"Hedrick et al., 2017"
C32,M3,23.52482,0.90263,1.9863,XJ96,"Hedrick et al., 2017"
C32,M3,61.00822,2.35727,5.46959,XJ97,"Hedrick et al., 2017"
C33,M4,17.17646,0.84688,1.5494,XJ5,"Hedrick et al., 2017"
C33,M4,34.49431,0.94331,2.68462,XJ6,"Hedrick et al., 2017"
C33,M4,17.04239,0.67852,1.45569,XJ7,"Hedrick et al., 2017"
C33,M4,24.30309,1.28272,2.2072,XJ10,"Hedrick et al., 2017"
D41,Skardu,147.00372,5.90839,15.76445,K2-1,"Seong et al., 2007"
D41,Skardu,206.22426,3.79127,20.46819,K2-2,"Seong et al., 2007"
D41,Skardu,165.07838,4.73698,17.13946,K2-3,"Seong et al., 2007"
D41,Skardu,209.97997,5.01567,20.95676,K2-4,"Seong et al., 2007"
D41,Skardu,119.984,2.11152,10.30121,K2-5,"Seong et al., 2007"
D41,Skardu,173.45201,5.78664,18.20526,K2-6,"Seong et al., 2007"
D41,Skardu,106.33448,2.61417,8.86659,K2-7,"Seong et al., 2007"
D41,Skardu,131.25957,3.45611,12.44978,K2-8,"Seong et al., 2007"
D41,Skardu,77.86783,2.33684,7.28805,K2-9,"Seong et al., 2007"
D51,Guhulkin-2,20.13492,6.207,6.35839,KK98-11,"Owen et al., 2002, GSAB"
D51,Guhulkin-2,32.0343,0.87695,2.55993,KK98-12,"Owen et al., 2002, GSAB"
D51,Guhulkin-2,24.1658,0.73122,1.93831,KK98-13,"Owen et al., 2002, GSAB"
D51,Guhulkin-2,29.24919,1.10048,2.4479,KK98-14,"Owen et al., 2002, GSAB"
D51,Guhulkin-2,23.9117,0.94953,2.02378,KK98-15,"Owen et al., 2002, GSAB"
D51,Guhulkin-2,20.20333,0.67467,1.54115,KK98-21,"Owen et al., 2002, GSAB"
D51,Guhulkin-2,20.89552,0.74631,1.63109,KK98-22,"Owen et al., 2002, GSAB"
D52,Guhulkin-1,29.627,1.36535,2.60873,KK98-6,"Owen et al., 2002, GSAB"
D52,Guhulkin-1,29.06719,0.9208,2.35464,KK98-7,"Owen et al., 2002, GSAB"
D52,Guhulkin-1,32.55106,1.08259,2.66986,KK98-8,"Owen et al., 2002, GSAB"
D52,Guhulkin-1,31.39773,1.15471,2.62315,KK98-9,"Owen et al., 2002, GSAB"
D52,Guhulkin-1,27.46488,0.09037,2.0144,KK98-10,"Owen et al., 2002, GSAB"
D52,Guhulkin-1,19.45011,0.46281,1.43158,KK98-26,"Owen et al., 2002, GSAB"
D53,Borit Jheel,75.63993,2.09305,6.98691,KK98-50,"Owen et al., 2002, GSAB"
D53,Borit Jheel,66.24928,2.09989,5.81723,KK98-55,"Owen et al., 2002, GSAB"
D53,Borit Jheel,65.17036,1.39747,5.39345,KK98-56,"Owen et al., 2002, GSAB"
D53,Borit Jheel,65.22038,1.02451,5.31487,KK98-57,"Owen et al., 2002, GSAB"
D53,Borit Jheel,35.20183,0.81188,2.67537,KK98-64,"Owen et al., 2002, GSAB"
D53,Borit Jheel,46.67113,1.14174,4.15887,KK98-65,"Owen et al., 2002, GSAB"
D53,Borit Jheel,61.72849,1.57893,5.19115,KK98-47,"Owen et al., 2002, GSAB"
D54,Yunz,44.76043,1.87234,3.93462,KK98-42,"Owen et al., 2002, GSAB"
D54,Yunz,33.80395,1.11085,2.72375,KK98-43,"Owen et al., 2002, GSAB"
D54,Yunz,30.45485,0.71159,2.38895,KK98-44,"Owen et al., 2002, GSAB"
D54,Yunz,51.8537,1.11237,4.74862,KK98-45,"Owen et al., 2002, GSAB"
D54,Yunz,39.67555,0.8826,2.98846,KK98-46,"Owen et al., 2002, GSAB"
E11,Bazgo,93.85385,2.68067,8.07723,ZK38,"Owen et al., 2006, GSAB"
E11,Bazgo,61.10051,1.5171,5.15574,ZK39,"Owen et al., 2006, GSAB"
E11,Bazgo,53.16721,18.19311,18.81144,ZK40,"Owen et al., 2006, GSAB"
E11,Bazgo,72.13218,2.26877,6.67849,ZK42,"Owen et al., 2006, GSAB"
E11,Bazgo,49.29189,1.54573,4.60941,ZK43,"Owen et al., 2006, GSAB"
E12,Kar,74.87768,1.48931,6.77842,I-31,"Owen et al., 2006, GSAB"
E12,Kar,121.05855,2.01411,9.9436,I-32,"Owen et al., 2006, GSAB"
E12,Kar,168.66031,2.79371,16.82657,I-33,"Owen et al., 2006, GSAB"
E12,Kar,47.75644,0.81539,4.28668,I-34,"Owen et al., 2006, GSAB"
E12,Kar,70.64183,1.90694,6.41536,I-68,"Owen et al., 2006, GSAB"
E12,Kar,121.93117,2.56064,10.09212,I-69,"Owen et al., 2006, GSAB"
E12,Kar,62.82472,1.15608,5.11747,I-79,"Owen et al., 2006, GSAB"
E12,Kar,23.61399,0.34529,1.79395,I-82,"Owen et al., 2006, GSAB"
E13,Leh,196.31169,3.06559,16.50975,I-01,"Owen et al., 2006, GSAB"
E13,Leh,100.77087,1.54744,8.37751,I-02,"Owen et al., 2006, GSAB"
E13,Leh,194.2661,3.43543,15.95196,I-03,"Owen et al., 2006, GSAB"
E13,Leh,123.20512,3.11471,10.59531,I-04,"Owen et al., 2006, GSAB"
E13,Leh,344.34354,7.84747,43.49034,I-05,"Owen et al., 2006, GSAB"
E13,Leh,200.7453,4.41642,20.25524,I-08a,"Owen et al., 2006, GSAB"
E13,Leh,285.2164,6.08631,29.98252,I-08b,"Owen et al., 2006, GSAB"
E13,Leh,219.97685,3.81392,22.37547,I-09,"Owen et al., 2006, GSAB"
E13,Leh,127.6981,2.01473,11.4923,I-11,"Owen et al., 2006, GSAB"
E13,Leh,299.70956,10.00699,32.40106,I-12,"Owen et al., 2006, GSAB"
E13,Leh,300.97357,7.7819,32.26643,I-13,"Owen et al., 2006, GSAB"
E13,Leh,217.28195,3.75802,21.97797,I-14,"Owen et al., 2006, GSAB"
E13,Leh,370.54511,14.91596,52.95992,I-15,"Owen et al., 2006, GSAB"
E13,Leh,256.28412,4.02721,27.58664,I-16,"Owen et al., 2006, GSAB"
E13,Leh,430.73438,9.40434,62.00689,I-17,"Owen et al., 2006, GSAB"
E13,Leh,244.19505,4.86712,25.04154,I-19,"Owen et al., 2006, GSAB"
E13,Leh,237.44249,4.81062,26.30054,I-20,"Owen et al., 2006, GSAB"
E13,Leh,195.96776,3.13804,16.43126,I-21,"Owen et al., 2006, GSAB"
E13,Leh,187.60931,2.66528,15.05995,I-22,"Owen et al., 2006, GSAB"
E13,Leh,206.47063,3.74615,20.49766,I-23,"Owen et al., 2006, GSAB"
E13,Leh,181.8385,2.87086,15.97276,I-24,"Owen et al., 2006, GSAB"
E13,Leh,144.3671,3.00066,14.88014,I-26,"Owen et al., 2006, GSAB"
E13,Leh,191.48096,2.87967,15.40434,I-27,"Owen et al., 2006, GSAB"
E13,Leh,297.29077,5.88854,30.50572,I-28,"Owen et al., 2006, GSAB"
E13,Leh,128.3307,2.13042,11.62517,I-29,"Owen et al., 2006, GSAB"
E13,Leh,203.86906,6.10283,21.52329,I-30,"Owen et al., 2006, GSAB"
E13,Leh,295.36667,5.16001,29.8781,I-36,"Owen et al., 2006, GSAB"
E13,Leh,194.46223,3.52867,16.03058,I-37,"Owen et al., 2006, GSAB"
E13,Leh,149.12262,2.47786,15.27459,I-44,"Owen et al., 2006, GSAB"
E13,Leh,166.32138,3.19017,16.67838,I-45,"Owen et al., 2006, GSAB"
E13,Leh,182.81096,3.24943,15.7235,I-46,"Owen et al., 2006, GSAB"
E13,Leh,411.42221,10.80708,52.17691,I-47,"Owen et al., 2006, GSAB"
E13,Leh,140.44243,3.02475,14.29716,I-48,"Owen et al., 2006, GSAB"
E14,Indus,552.25922,13.45052,76.10371,I-38,"Owen et al., 2006, GSAB"
E14,Indus,371.02463,8.48551,51.61572,I-39,"Owen et al., 2006, GSAB"
E14,Indus,309.17819,7.47324,35.03244,I-40,"Owen et al., 2006, GSAB"
E14,Indus,539.91901,12.57338,70.57489,I-41,"Owen et al., 2006, GSAB"
E14,Indus,876.22461,36.1059,173.33591,I-42,"Owen et al., 2006, GSAB"
E14,Indus,169.6098,2.93148,17.31223,I-43,"Owen et al., 2006, GSAB"
E21,Ladakh-2,20.79562,0.44092,1.45808,Chang-15,"Dortch et al., 2013"
E21,Ladakh-2,33.94944,0.44288,2.48275,Chang-17,"Dortch et al., 2013"
E21,Ladakh-2,44.72261,2.39663,4.17521,LDK-43,"Dortch et al., 2013"
E21,Ladakh-2,23.16321,0.54038,1.8218,LDK-45,"Dortch et al., 2013"
E21,Ladakh-2,22.85978,0.49865,1.78585,LDK-46,"Dortch et al., 2013"
E21,Ladakh-2,22.49799,0.61141,1.78382,LDK-47,"Dortch et al., 2013"
E21,Ladakh-2,25.01896,0.58302,1.87285,LDK-205B,"Dortch et al., 2013"
E21,Ladakh-2,27.31162,0.69104,2.08661,LDK-208B,"Dortch et al., 2013"
E21,Ladakh-2,35.90909,0.86849,2.69092,LDK-209,"Dortch et al., 2013"
E21,Ladakh-2,24.49839,0.47129,1.83597,LDK-210,"Dortch et al., 2013"
E22,Ladakh-4,89.80364,2.83383,8.26636,LDK-48,"Dortch et al., 2013"
E22,Ladakh-4,24.14574,0.69414,1.90223,Pang-35,"Dortch et al., 2013"
E22,Ladakh-4,30.93637,0.65916,2.3825,Pang-36,"Dortch et al., 2013"
E22,Ladakh-4,24.56405,1.03679,2.05292,Pang-37,"Dortch et al., 2013"
E22,Ladakh-4,26.2079,0.42395,1.97803,Pang-38,"Dortch et al., 2013"
E22,Ladakh-4,45.18211,1.02296,3.67971,Pang-39,"Dortch et al., 2013"
E22,Ladakh-4,40.87824,1.24558,3.03979,Pang-40,"Dortch et al., 2013"
E22,Ladakh-4,35.24781,0.47536,2.52552,LDK-50,"Dortch et al., 2013"
E22,Ladakh-4,25.34777,0.7755,1.97141,LDK-51,"Dortch et al., 2013"
E22,Ladakh-4,64.92003,2.47379,5.70394,LDK-52,"Dortch et al., 2013"
E22,Ladakh-4,78.89539,2.42842,7.60823,LDK-53,"Dortch et al., 2013"
E22,Ladakh-4,91.76512,2.211,7.98717,LDK-34,"Dortch et al., 2013"
E22,Ladakh-4,75.24812,2.89021,7.25737,LDK-35,"Dortch et al., 2013"
E22,Ladakh-4,90.23154,1.60022,7.88238,LDK-205A,"Dortch et al., 2013"
E22,Ladakh-4,72.31631,2.71556,6.85709,LDK-208A,"Dortch et al., 2013"
E23,Pangong-2,36.72088,8.24079,8.65027,Pang-16,"Dortch et al., 2013"
E23,Pangong-2,80.76858,2.1252,7.78445,Pang-17,"Dortch et al., 2013"
E23,Pangong-2,56.20997,3.09428,5.73784,Pang-18,"Dortch et al., 2013"
E23,Pangong-2,59.21367,1.41971,5.21377,Pang-19,"Dortch et al., 2013"
E23,Pangong-2,31.57542,1.49706,2.77115,Pang-20,"Dortch et al., 2013"
E23,Pangong-2,58.16723,1.37739,5.14442,Pang-21,"Dortch et al., 2013"
E23,Pangong-2,95.05855,2.00165,7.88273,Pang-22,"Dortch et al., 2013"
E23,Pangong-2,67.57565,1.59649,5.92247,Pang-23,"Dortch et al., 2013"
E31,Deshkit-1,70.64312,3.75851,7.17283,NU-2,"Dortch et al., 2010, QR"
E31,Deshkit-1,49.27379,2.12175,4.80476,NU-3,"Dortch et al., 2010, QR"
E31,Deshkit-1,49.81913,3.16453,5.4395,NU-5,"Dortch et al., 2010, QR"
E31,Deshkit-1,44.28103,2.11721,3.96822,NU-6,"Dortch et al., 2010, QR"
E31,Deshkit-1,65.05451,1.37568,5.34126,NU-7,"Dortch et al., 2010, QR"
E31,Deshkit-1,48.55109,1.30681,4.40227,NU-8,"Dortch et al., 2010, QR"
E31,Deshkit-1,27.39796,1.00943,2.22865,NU-9,"Dortch et al., 2010, QR"
E31,Deshkit-1,49.73557,1.72424,4.72731,NU-10,"Dortch et al., 2010, QR"
E31,Deshkit-1,30.6194,1.22582,2.58744,NU-11,"Dortch et al., 2010, QR"
E31,Deshkit-1,34.23612,1.12683,2.71341,NU-12,"Dortch et al., 2010, QR"
E31,Deshkit-1,48.24303,1.76182,4.54411,NU-25,"Dortch et al., 2010, QR"
E31,Deshkit-1,52.54937,3.04365,5.60401,NU-26,"Dortch et al., 2010, QR"
E32,Deshkit-2,92.16191,1.53597,7.83098,NU-1,"Dortch et al., 2010, QR"
E32,Deshkit-2,87.21002,1.92764,8.08415,NU-4,"Dortch et al., 2010, QR"
E32,Deshkit-2,75.01558,2.49168,7.06156,NU-20,"Dortch et al., 2010, QR"
E32,Deshkit-2,93.16726,2.64141,8.10425,NU-21,"Dortch et al., 2010, QR"
E32,Deshkit-2,93.86591,2.41093,8.01218,NU-23,"Dortch et al., 2010, QR"
E32,Deshkit-2,121.18847,3.12529,10.27532,NU-24,"Dortch et al., 2010, QR"
E33,Deshkit-3,129.13113,3.1411,11.95727,NU-13,"Dortch et al., 2010, QR"
E33,Deshkit-3,122.68875,4.4951,10.93925,NU-14,"Dortch et al., 2010, QR"
E33,Deshkit-3,36.91494,1.20251,2.92555,NU-15A,"Dortch et al., 2010, QR"
E33,Deshkit-3,39.36667,1.69602,3.28542,NU-15B,"Dortch et al., 2010, QR"
E33,Deshkit-3,188.2818,7.21767,16.53138,NU-16,"Dortch et al., 2010, QR"
E33,Deshkit-3,167.29172,4.72928,16.88164,NU-17,"Dortch et al., 2010, QR"
E33,Deshkit-3,120.5807,6.18695,11.62764,NU-18,"Dortch et al., 2010, QR"
E33,Deshkit-3,178.75955,16.29085,23.17003,NU-19,"Dortch et al., 2010, QR"
E33,Deshkit-3,134.3437,4.60266,13.05028,NU-27,"Dortch et al., 2010, QR"
E33,Deshkit-3,131.5063,3.27847,12.5257,NU-28,"Dortch et al., 2010, QR"
E33,Deshkit-3,160.1238,5.05118,16.53668,NU-29,"Dortch et al., 2010, QR"
E33,Deshkit-3,146.47385,4.09605,15.28137,NU-30,"Dortch et al., 2010, QR"
E41,PM1,125.66441,3.72897,11.73871,India-51,"Hedrick et al., 2011"
E41,PM1,51.194,0.74461,4.70474,India-52,"Hedrick et al., 2011"
E41,PM1,56.95205,0.70361,4.91721,India-53,"Hedrick et al., 2011"
E41,PM1,37.28277,0.42007,2.69472,India-54,"Hedrick et al., 2011"
E41,PM1,42.89556,0.46116,3.12902,India-55,"Hedrick et al., 2011"
E42,PM0,144.01428,7.29246,16.3148,India-15,"Hedrick et al., 2011"
E42,PM0,139.67998,6.07057,15.19643,India-16,"Hedrick et al., 2011"
E42,PM0,114.3447,3.71416,10.14721,India-17,"Hedrick et al., 2011"
E42,PM0,130.41333,4.84487,12.72707,India-18,"Hedrick et al., 2011"
E42,PM0,189.18588,7.79354,16.40505,India-19,"Hedrick et al., 2011"
E42,PM0,129.96109,3.85569,12.28756,India-20,"Hedrick et al., 2011"
E51,KM1-KM3,73.01506,10.49507,12.27743,TM-1,"Hedrick et al., 2011"
E51,KM1-KM3,62.33392,3.31884,5.95951,TM-2,"Hedrick et al., 2011"
E51,KM1-KM3,95.63525,4.41793,8.81486,TM-3,"Hedrick et al., 2011"
E51,KM1-KM3,34.39734,3.90834,4.60182,TM-4,"Hedrick et al., 2011"
E51,KM1-KM3,78.39147,4.87383,8.60846,TM-6,"Hedrick et al., 2011"
E51,KM1-KM3,28.96114,1.17028,2.41874,TM-7,"Hedrick et al., 2011"
E51,KM1-KM3,22.64353,2.01196,2.62026,TM-8,"Hedrick et al., 2011"
E51,KM1-KM3,104.74072,2.50515,8.48693,TM-9,"Hedrick et al., 2011"
E51,KM1-KM3,25.60589,3.01053,3.5301,TM-10,"Hedrick et al., 2011"
E51,KM1-KM3,90.57627,3.00341,8.24101,TM-11,"Hedrick et al., 2011"
E51,KM1-KM3,16.25879,1.82733,2.20674,TM-12,"Hedrick et al., 2011"
E51,KM1-KM3,56.2626,5.23645,7.13063,TM-13,"Hedrick et al., 2011"
E51,KM1-KM3,14.38165,1.05968,1.50431,TM-14,"Hedrick et al., 2011"
E51,KM1-KM3,149.36862,6.57269,16.52025,TM-15,"Hedrick et al., 2011"
E51,KM1-KM3,80.56369,2.93547,8.05943,TM-16,"Hedrick et al., 2011"
E51,KM1-KM3,25.42687,1.6387,2.4417,TM-17,"Hedrick et al., 2011"
E52,KM0,424.9484,6.58358,60.85688,TM-18,"Hedrick et al., 2011"
E52,KM0,438.78827,9.25089,64.39572,TM-19,"Hedrick et al., 2011"
E52,KM0,231.91495,6.9457,27.09135,TM-20,"Hedrick et al., 2011"
F11,M1,41.90074,0.65657,2.97485,WG11,"Chevalier et al., 2005 Science"
F11,M1,40.75,0.61318,2.77336,WG12,"Chevalier et al., 2005 Science"
F11,M1,45.84314,1.24237,3.93765,WG13,"Chevalier et al., 2005 Science"
F11,M1,22.69195,0.53331,1.7597,WG14,"Chevalier et al., 2005 Science"
F11,M1,49.48946,1.40465,4.62609,WG15,"Chevalier et al., 2005 Science"
F11,M1,22.50624,0.53606,1.73719,WG16,"Chevalier et al., 2005 Science"
F11,M1,41.75418,1.11276,3.06722,WG17,"Chevalier et al., 2005 Science"
F11,M1,43.56641,1.07495,3.35566,WG18,"Chevalier et al., 2005 Science"
F11,M1,38.6275,0.7644,2.83296,WG19,"Chevalier et al., 2005 Science"
F12,M2W,193.15573,2.44436,15.12704,WG20,"Chevalier et al., 2005 Science"
F12,M2W,170.8347,4.37247,17.97463,WG21,"Chevalier et al., 2005 Science"
F12,M2W,117.67411,2.24048,10.12128,WG22,"Chevalier et al., 2005 Science"
F12,M2W,166.54562,1.81801,16.49465,WG23,"Chevalier et al., 2005 Science"
F12,M2W,222.59587,4.21636,22.99128,WG24,"Chevalier et al., 2005 Science"
F12,M2W,168.45081,2.77618,16.77785,WG25,"Chevalier et al., 2005 Science"
F12,M2W,131.78392,2.04205,12.34954,WG26,"Chevalier et al., 2005 Science"
F12,M2W,163.19986,3.89368,17.51979,WG27,"Chevalier et al., 2005 Science"
F13,M2E,213.19922,4.58152,21.62214,WG1,"Chevalier et al., 2005 Science"
F13,M2E,260.32971,2.59649,28.21942,WG2,"Chevalier et al., 2005 Science"
F13,M2E,489.63797,9.20329,67.62374,WG3,"Chevalier et al., 2005 Science"
F13,M2E,345.50989,10.03514,44.93644,WG4,"Chevalier et al., 2005 Science"
F13,M2E,219.88548,3.8684,22.40988,WG5,"Chevalier et al., 2005 Science"
F13,M2E,174.16135,5.49556,18.1314,WG6,"Chevalier et al., 2005 Science"
F13,M2E,463.9751,6.64733,66.09707,WG7,"Chevalier et al., 2005 Science"
F13,M2E,180.93843,3.13276,16.27705,WG8,"Chevalier et al., 2005 Science"
F13,M2E,158.46936,1.77343,15.96482,WG9,"Chevalier et al., 2005 Science"
F13,M2E,226.98517,2.74248,25.43453,WG10,"Chevalier et al., 2005 Science"
F21,M2,17.42807,0.44083,1.36068,CK-50,"Chevalier et al., 2011"
F21,M2,98.10738,1.75653,8.00587,CK-52,"Chevalier et al., 2011"
F21,M2,70.0232,1.52659,6.26821,CK-53,"Chevalier et al., 2011"
F21,M2,56.70428,1.44908,5.06676,CK-54,"Chevalier et al., 2011"
F21,M2,39.38354,0.68705,2.85011,CK-55,"Chevalier et al., 2011"
F21,M2,48.02043,1.26889,4.40962,CK-56,"Chevalier et al., 2011"
F21,M2,77.78174,1.83521,7.20642,CK-57,"Chevalier et al., 2011"
F21,M2,25.67067,0.64294,1.95708,CK-58,"Chevalier et al., 2011"
F21,M2,38.30661,1.25913,2.99621,CK-60,"Chevalier et al., 2011"
F21,M2,80.88607,2.53799,7.95552,CK-61,"Chevalier et al., 2011"
F21,M2,74.04325,3.2353,7.26594,CK-63,"Chevalier et al., 2011"
F22,M3,140.00876,3.42056,14.44771,CK-40,"Chevalier et al., 2011"
F22,M3,126.15695,3.27035,11.60656,CK-43,"Chevalier et al., 2011"
F22,M3,191.34049,3.98023,15.13661,CK-44,"Chevalier et al., 2011"
F22,M3,156.99794,3.90442,16.06873,CK-45,"Chevalier et al., 2011"
F22,M3,207.34184,3.07878,20.25907,CK-46,"Chevalier et al., 2011"
F22,M3,117.9649,1.84868,10.11775,CK-47,"Chevalier et al., 2011"
F22,M3,161.20029,6.07229,17.1411,CK-48,"Chevalier et al., 2011"
F31,M4,60.80553,0.8102,4.95145,Na75,"Owen et al., 2010, QSR"
F31,M4,61.27988,1.44805,5.08489,Na76,"Owen et al., 2010, QSR"
F31,M4,46.80344,0.81854,4.19787,Na78,"Owen et al., 2010, QSR"
F31,M4,40.60646,0.68506,2.75212,Na79,"Owen et al., 2010, QSR"
F31,M4,49.41864,0.94083,4.5105,Na80,"Owen et al., 2010, QSR"
F41,M4a,56.7936,1.17948,5.00801,Na96,"Owen et al., 2010, QSR"
F41,M4a,60.48363,1.47875,5.11851,Na97,"Owen et al., 2010, QSR"
F51,M4a-M4c,41.81613,0.86559,2.97775,Na24,"Owen et al., 2010, QSR"
F51,M4a-M4c,45.82541,0.9603,3.84374,Na25,"Owen et al., 2010, QSR"
F51,M4a-M4c,51.33621,2.01291,5.13126,Na26,"Owen et al., 2010, QSR"
F51,M4a-M4c,25.91032,0.43238,1.9049,Na27,"Owen et al., 2010, QSR"
F51,M4a-M4c,45.9897,0.98046,3.91652,Na28,"Owen et al., 2010, QSR"
F51,M4a-M4c,39.41145,0.59491,2.7931,Na29,"Owen et al., 2010, QSR"
F51,M4a-M4c,47.93574,0.92106,4.35466,Na30,"Owen et al., 2010, QSR"
F51,M4a-M4c,51.45013,0.84839,4.80373,Na31,"Owen et al., 2010, QSR"
F51,M4a-M4c,43.51756,0.8789,3.27404,Na32,"Owen et al., 2010, QSR"
F51,M4a-M4c,49.60648,1.01352,4.57858,Na33,"Owen et al., 2010, QSR"
F51,M4a-M4c,42.60609,0.9345,3.15691,Na34,"Owen et al., 2010, QSR"
F51,M4a-M4c,31.23588,0.73601,2.38753,Na10,"Owen et al., 2010, QSR"
F51,M4a-M4c,31.28403,0.72664,2.38657,Na11,"Owen et al., 2010, QSR"
F51,M4a-M4c,61.44962,1.44887,5.08238,Na12,"Owen et al., 2010, QSR"
F51,M4a-M4c,20.35174,0.43804,1.37016,Na13,"Owen et al., 2010, QSR"
F51,M4a-M4c,11.26943,0.25429,0.95345,Na14,"Owen et al., 2010, QSR"
F51,M4a-M4c,57.01639,1.20657,5.01442,Na15,"Owen et al., 2010, QSR"
F52,M3,52.09387,1.42998,4.99069,Na35,"Owen et al., 2010, QSR"
F52,M3,31.75132,0.69267,2.41016,Na36,"Owen et al., 2010, QSR"
F52,M3,33.77586,0.75069,2.52192,Na37,"Owen et al., 2010, QSR"
F52,M3,72.52801,1.65466,6.5393,Na38,"Owen et al., 2010, QSR"
F52,M3,61.44333,1.46773,5.08723,Na39,"Owen et al., 2010, QSR"
F52,M3,73.15047,1.66228,6.60807,Na40,"Owen et al., 2010, QSR"
F53,M2,81.69235,1.36394,7.7382,Na41,"Owen et al., 2010, QSR"
F53,M2,124.78046,2.93815,11.20439,Na42,"Owen et al., 2010, QSR"
F53,M2,103.33329,1.54256,8.23732,Na43,"Owen et al., 2010, QSR"
F53,M2,78.14517,1.8499,7.32421,Na45,"Owen et al., 2010, QSR"
F53,M2,69.90602,1.63162,6.30241,Na46,"Owen et al., 2010, QSR"
F53,M2,86.75592,1.96892,8.18525,Na47,"Owen et al., 2010, QSR"
F54,M1a-M1c,555.18457,11.67901,76.20234,Na18,"Owen et al., 2010, QSR"
F54,M1a-M1c,727.01074,21.51329,142.25592,Na19A,"Owen et al., 2010, QSR"
F54,M1a-M1c,506.51267,8.40085,67.50912,Na19B,"Owen et al., 2010, QSR"
F54,M1a-M1c,132.89594,1.96282,12.35527,Na20,"Owen et al., 2010, QSR"
F54,M1a-M1c,1408.01038,74.4874,609.98596,Na21,"Owen et al., 2010, QSR"
F54,M1a-M1c,973.21228,22.96554,226.66817,Na22,"Owen et al., 2010, QSR"
F54,M1a-M1c,597.96967,11.30666,91.84591,Na23A,"Owen et al., 2010, QSR"
F54,M1a-M1c,422.62808,7.97085,60.25037,Na23B,"Owen et al., 2010, QSR"
F54,M1a-M1c,1073.49695,59.01465,300.52356,Na1,"Owen et al., 2010, QSR"
F54,M1a-M1c,511.56665,14.861,70.82439,Na2,"Owen et al., 2010, QSR"
F54,M1a-M1c,317.09268,5.03127,34.62876,Na3A,"Owen et al., 2010, QSR"
F54,M1a-M1c,306.4848,4.35709,33.74493,Na3B,"Owen et al., 2010, QSR"
F54,M1a-M1c,903.36316,24.75656,200.93854,Na4,"Owen et al., 2010, QSR"
F54,M1a-M1c,206.70129,3.82649,20.41017,Na5,"Owen et al., 2010, QSR"
F54,M1a-M1c,419.07474,8.16905,56.6407,Na6,"Owen et al., 2010, QSR"
F54,M1a-M1c,1137.44006,42.21315,315.72366,Na7,"Owen et al., 2010, QSR"
F54,M1a-M1c,148.14833,2.19125,15.51343,Na8,"Owen et al., 2010, QSR"
F54,M1a-M1c,90.7877,2.28014,7.94885,Na82,"Owen et al., 2010, QSR"
F54,M1a-M1c,150.15653,2.53162,15.30223,Na83,"Owen et al., 2010, QSR"
F54,M1a-M1c,246.85385,4.85375,26.64357,Na84,"Owen et al., 2010, QSR"
F54,M1a-M1c,200.97768,3.61892,20.21739,Na85,"Owen et al., 2010, QSR"
F54,M1a-M1c,509.72189,7.31138,69.10761,Na86,"Owen et al., 2010, QSR"
F54,M1a-M1c,293.9729,4.74158,29.32156,Na87,"Owen et al., 2010, QSR"
F61,M1W (M4a),21.21673,0.53299,1.51473,KC2-39,"Chevalier et al., 2011"
F61,M1W (M4a),25.47125,0.79147,1.95983,KC2-40,"Chevalier et al., 2011"
F61,M1W (M4a),22.76686,0.73392,1.82581,KC2-44,"Chevalier et al., 2011"
F62,M1E (M4a),54.28579,1.4866,5.08185,KC2-45,"Chevalier et al., 2011"
F62,M1E (M4a),45.83748,1.82086,4.14657,KC2-46,"Chevalier et al., 2011"
F62,M1E (M4a),22.2404,0.52239,1.68413,KC2-47,"Chevalier et al., 2011"
F62,M1E (M4a),35.23206,0.75166,2.53385,KC2-48,"Chevalier et al., 2011"
F62,M1E (M4a),25.8561,0.60964,1.94514,KC2-49,"Chevalier et al., 2011"
F62,M1E (M4a),32.89391,0.75125,2.49848,KC2-50,"Chevalier et al., 2011"
F63,M2,114.97369,2.61502,9.72604,KC2-51,"Chevalier et al., 2011"
F63,M2,55.03123,1.47556,5.02403,KC2-52,"Chevalier et al., 2011"
F63,M2,99.95953,3.50025,8.7921,KC2-53,"Chevalier et al., 2011"
F63,M2,95.56146,2.10299,7.86481,KC2-54,"Chevalier et al., 2011"
F63,M2,71.40908,1.4468,6.38846,KC2-55,"Chevalier et al., 2011"
F63,M2,85.24321,4.24236,8.7526,KC2-56,"Chevalier et al., 2011"
F63,M2,31.71323,0.75258,2.42787,KC2-57,"Chevalier et al., 2011"
F63,M2,63.72424,1.351,5.17106,KC2-58,"Chevalier et al., 2011"
F63,M2,32.99675,0.77086,2.50898,KC2-59,"Chevalier et al., 2011"
F71,WXS-Aqu,44.7215,0.75642,3.47889,Zi-85,"Chevalier et al., 2011"
F71,WXS-Aqu,42.61249,0.66677,3.09464,Zi-86,"Chevalier et al., 2011"
F71,WXS-Aqu,39.51381,1.06732,2.92959,Zi-87,"Chevalier et al., 2011"
F71,WXS-Aqu,58.07972,1.07781,5.06538,Zi-88,"Chevalier et al., 2011"
F71,WXS-Aqu,43.96284,0.87955,3.35952,Zi-89,"Chevalier et al., 2011"
F71,WXS-Aqu,38.25748,1.17008,2.93167,Zi-90,"Chevalier et al., 2011"
F71,WXS-Aqu,43.22545,0.86612,3.22923,Zi91,"Chevalier et al., 2011"
F71,WXS-Aqu,40.70641,1.45876,3.05366,Zi-92,"Chevalier et al., 2011"
F71,WXS-Aqu,24.11964,0.44996,1.79237,Zi-93,"Chevalier et al., 2011"
F71,WXS-Aqu,47.50652,2.6213,4.99736,Zi-94,"Chevalier et al., 2011"
F71,WXS-Aqu,54.32703,1.09623,4.9667,Zi95,"Chevalier et al., 2011"
F71,WXS-Aqu,50.73592,2.98338,5.52853,Zi-96,"Chevalier et al., 2011"
F71,WXS-Aqu,25.38572,1.09139,2.09682,Zi-98,"Chevalier et al., 2011"
F71,WXS-Aqu,19.49296,0.36691,1.34634,Zi-99,"Chevalier et al., 2011"
F71,WXS-Aqu,35.32995,0.68479,2.52665,KC2-75,"Chevalier et al., 2011"
F71,WXS-Aqu,41.77142,0.64164,2.91478,KC2-76,"Chevalier et al., 2011"
F71,WXS-Aqu,25.23224,0.6382,1.87861,KC2-77,"Chevalier et al., 2011"
F71,WXS-Aqu,36.36892,0.57272,2.62173,KC2-80,"Chevalier et al., 2011"
F71,WXS-Aqu,27.98132,0.61785,2.08947,KC2-82,"Chevalier et al., 2011"
F71,WXS-Aqu,24.75819,0.78461,1.91221,KC2-83,"Chevalier et al., 2011"
F81,M3,25.24477,0.19123,1.80888,MK-1,"Amidon et al., 2013"
F81,M3,65.8596,1.08402,5.43,MK-3,"Amidon et al., 2013"
F81,M3,55.57197,0.55555,4.81961,MK-4,"Amidon et al., 2013"
F81,M3,55.70147,0.88446,4.8791,MK-5,"Amidon et al., 2013"
F81,M3,66.40894,0.65918,5.51742,MK-8,"Amidon et al., 2013"
F81,M3,47.44823,0.67604,4.26089,MK-9,"Amidon et al., 2013"
F81,M3,90.24541,1.14568,7.81201,MK-11,"Amidon et al., 2013"
F82,M2,87.82255,1.0967,7.95254,MK-18,"Amidon et al., 2013"
F82,M2,88.77155,0.72121,7.86045,MK-19,"Amidon et al., 2013"
F83,M1,125.81529,0.97916,11.18885,MK-22,"Amidon et al., 2013"
